{"dataURL":"file:\/\/\/Volumes\/SSD\/ESILV\/A4\/S2\/PTS\/models\/United_yolov8_test\/train\/","id":"B1E06F29-ECCA-45F7-A200-22DF52441BB8","createdDate":"2023-03-13T20:20:00Z","title":"train","modifiedDate":"2023-03-13T20:20:30Z","preferredFilename":"train","version":"1.0","dataResult":{"dataURL":"file:\/\/\/Volumes\/SSD\/ESILV\/A4\/S2\/PTS\/models\/United_yolov8_test\/train\/","createdDate":"2023-03-13T20:20:00Z","dataSourceID":"B1E06F29-ECCA-45F7-A200-22DF52441BB8"},"activityEntities":["dataSourceTrainingStarted",[{"id":"15D9FC12-B772-46D4-B0A6-87A9BFD8B618","title":"Used By","createdDate":"2023-03-13T20:20:30Z","event":"dataSourceTrainingStarted","subtitle":"Spotifood 1"}],"dataSourceCreated",[{"id":"A098742F-F05B-48CD-9DD4-8C0AAAABF953","title":"Data Source Created","createdDate":"2023-03-13T20:20:00Z","event":"dataSourceCreated","subtitle":"train"}],"dataSourceMetrics",[{"id":"70A0E609-CF58-414D-AF06-FDEB47523C15","title":"Data Summary","createdDate":"2023-03-13T20:20:30Z","event":"dataSourceMetrics","subtitle":"1 Classes, 14 926 Items"}]],"pathType":0,"experimentIDs":["2708081D-C107-4B9A-A164-7ECAEBE3BF48"]}