{"id":"16BC6A4F-5D97-4515-B9C4-1AD380671179","validationEntity":{"analysedDataType":"auto","dataResult":{"createdDate":"2023-03-20T18:40:46Z"}},"modelEntity":{"createdDate":"2023-03-20T18:40:46Z","id":"459B2EF8-F486-49F7-8FA2-979FFAD50D47","experimentID":"16BC6A4F-5D97-4515-B9C4-1AD380671179","title":"","modifiedDate":"2023-03-20T18:40:46Z","preferredFilename":"","version":"1.0"},"version":"1.0","settingEntity":{"augmentations":[],"seedType":"default","transferLearningEmbeddingType":"dynamic","handPoseClassifierAugmentations":[],"featureNames":[],"algorithmType":"maxEnt","harVideoAugmentations":0,"taskType":"objectDetector","handActionClassifierAugmentations":[],"odAlgorithmType":"darknetYolo","odGridWidth":13,"styleTransferAlgorithmType":"image","odGridHeight":13},"state":"uninitialized","trainingEntity":{"checkpointMetrics":{},"dataResult":{"createdDate":"2023-03-20T18:40:46Z"},"snapshottableCheckpoints":{},"analysedDataType":"choose","featureExtractionCheckpointMayBeAvailable":false,"progress":[]},"createdDate":"2023-03-20T18:40:46Z","evaluationContainerEntity":{"testingEvaluationEntity":{"id":"eb0a8acb-e27b-4b09-8bc1-fda2bab278a9","createdDate":"2023-03-20T18:40:46Z","dataResult":{"createdDate":"2023-03-20T18:40:46Z"},"analysedDataType":"none"},"createdDate":"2023-03-24T14:27:32Z","id":"d976245a-5469-433e-ab1c-93967b918f53","trainingEvaluationEntity":{"id":"4006ac46-eeac-43e0-9328-0bfa93faf46c","createdDate":"2023-03-20T18:40:46Z","dataResult":{"createdDate":"2023-03-20T18:40:46Z"},"analysedDataType":"none"},"previewType":"objectDetector","modifiedDate":"2023-03-24T14:27:32Z","validationEvaluationEntity":{"id":"8f88678b-0992-450d-868b-3e7cce8870d0","createdDate":"2023-03-20T18:40:46Z","dataResult":{"createdDate":"2023-03-20T18:40:46Z"},"analysedDataType":"auto"},"evaluationEntities":[]},"activityEntities":["experimentCreated",[{"id":"C551AFC9-C4B7-458E-9B6D-B9221FFD807E","title":"Model Source Created","createdDate":"2023-03-20T18:40:46Z","event":"experimentCreated","subtitle":"Spotifood 2"}]],"evaluationState":"uninitialized","title":"Spotifood 2","evaluationEntity":{"id":"1d6777fa-62a3-4236-b0ec-f15dabfdd744","analysedDataType":"none","dataResult":{}},"snapshotRole":{"withoutSnapshots":0},"contentDataResult":{"createdDate":"2023-03-20T18:40:46Z"},"modifiedDate":"2023-03-24T14:27:32Z","preferredFilename":"Spotifood 2"}