{"id":"2708081D-C107-4B9A-A164-7ECAEBE3BF48","validationEntity":{"dataResult":{"itemsCount":1055,"createdDate":"2023-03-13T18:08:09Z","dataURL":"file:\/\/\/Volumes\/SSD\/ESILV\/A4\/S2\/PTS\/models\/United_yolov8_test\/valid\/","dataSourceID":"935759F6-9F9C-4236-870A-5636B05E2001","classesCount":1,"dataAnalysis":{"summary":{"counterExamples":0,"classCount":1,"canUseValidation":1,"sampleCount":1055,"suggestedMaxIterations":16000},"issues":[{"description":"1 classes found, including food","severity":"debug"},{"description":"2470 annotations found, automatically creating validation set","severity":"good"},{"description":"Smallest class is \"food\" with 2470 images","severity":"debug"},{"description":"Largest class is \"food\" with 2470 images","severity":"debug"}],"classifierAnalysis":{"labelStats":{"food":2470}}}},"dataURL":"file:\/\/\/Volumes\/SSD\/ESILV\/A4\/S2\/PTS\/models\/United_yolov8_test\/valid\/","dataSourceID":"935759F6-9F9C-4236-870A-5636B05E2001","analysedDataType":"datasource"},"modelEntity":{"createdDate":"2023-03-13T18:08:09Z","id":"76EDFF22-AD37-4FFA-B382-8396ECC04419","experimentID":"2708081D-C107-4B9A-A164-7ECAEBE3BF48","title":"","modifiedDate":"2023-03-13T18:08:09Z","preferredFilename":"","version":"1.0"},"version":"1.0","settingEntity":{"augmentations":[],"seedType":"default","recommendedIterationCount":94000,"transferLearningEmbeddingType":"dynamic","handPoseClassifierAugmentations":[],"featureNames":[],"algorithmType":"maxEnt","harVideoAugmentations":0,"taskType":"objectDetector","handActionClassifierAugmentations":[],"odAlgorithmType":"transferLearningObjectPrintV1","odGridWidth":13,"styleTransferAlgorithmType":"image","odGridHeight":13,"iterationCount":80000},"state":"ready","trainingEntity":{"finishTime":"2023-03-13T20:34:28Z","dataResult":{"itemsCount":14926,"createdDate":"2023-03-13T18:08:09Z","dataURL":"file:\/\/\/Volumes\/SSD\/ESILV\/A4\/S2\/PTS\/models\/United_yolov8_test\/train\/","dataSourceID":"B1E06F29-ECCA-45F7-A200-22DF52441BB8","classesCount":1,"dataAnalysis":{"summary":{"counterExamples":0,"classCount":1,"canUseValidation":1,"sampleCount":14926,"suggestedMaxIterations":94000},"issues":[{"description":"1 classes found, including food","severity":"debug"},{"description":"89627 annotations found, automatically creating validation set","severity":"good"},{"description":"Smallest class is \"food\" with 89627 images","severity":"debug"},{"description":"Largest class is \"food\" with 89627 images","severity":"debug"}],"classifierAnalysis":{"labelStats":{"food":89627}}}},"dataURL":"file:\/\/\/Volumes\/SSD\/ESILV\/A4\/S2\/PTS\/models\/United_yolov8_test\/train\/","featureExtractionCheckpointMayBeAvailable":false,"error":{"code":4099,"reason":"Unexpected Error","domain":"NSCocoaErrorDomain","errorType":"error"},"progress":[{"isLast":false,"odColumnHeader":{"iterationCount":1,"loss":4.5100717544555664,"elapsedTime":1.5431140000000001},"currentRowIndex":0,"count":1,"tableDone":false,"tableIndex":0,"percentComplete":0},{"isLast":false,"odColumnHeader":{"iterationCount":2,"loss":4.4597177505493164,"elapsedTime":1.7853859999999999},"currentRowIndex":0,"count":2,"tableDone":false,"tableIndex":0,"percentComplete":0},{"isLast":false,"odColumnHeader":{"iterationCount":3,"loss":4.2919020652770996,"elapsedTime":2.4781279999999999},"currentRowIndex":0,"count":3,"tableDone":false,"tableIndex":0,"percentComplete":0},{"isLast":false,"odColumnHeader":{"iterationCount":4,"loss":4.2107219696044922,"elapsedTime":3.0631059999999999},"currentRowIndex":0,"count":4,"tableDone":false,"tableIndex":0,"percentComplete":0},{"isLast":false,"odColumnHeader":{"iterationCount":5,"loss":4.1136784553527832,"elapsedTime":3.524232},"currentRowIndex":0,"count":5,"tableDone":false,"tableIndex":0,"percentComplete":0},{"isLast":false,"odColumnHeader":{"iterationCount":10,"loss":3.8931999206542969,"elapsedTime":0},"currentRowIndex":0,"count":10,"tableDone":false,"tableIndex":0,"percentComplete":0},{"isLast":false,"odColumnHeader":{"iterationCount":20,"loss":3.3220267295837402,"elapsedTime":0},"currentRowIndex":0,"count":20,"tableDone":false,"tableIndex":0,"percentComplete":0},{"isLast":false,"odColumnHeader":{"iterationCount":30,"loss":2.9279623031616211,"elapsedTime":0},"currentRowIndex":0,"count":30,"tableDone":false,"tableIndex":0,"percentComplete":0},{"isLast":false,"odColumnHeader":{"iterationCount":40,"loss":2.6002342700958252,"elapsedTime":0},"currentRowIndex":0,"count":40,"tableDone":false,"tableIndex":0,"percentComplete":0},{"isLast":false,"odColumnHeader":{"iterationCount":50,"loss":2.4121963977813721,"elapsedTime":0},"currentRowIndex":0,"count":50,"tableDone":false,"tableIndex":0,"percentComplete":0},{"isLast":false,"odColumnHeader":{"iterationCount":60,"loss":2.3509209156036377,"elapsedTime":0},"currentRowIndex":0,"count":60,"tableDone":false,"tableIndex":0,"percentComplete":0},{"isLast":false,"odColumnHeader":{"iterationCount":70,"loss":2.2931134700775146,"elapsedTime":0},"currentRowIndex":0,"count":70,"tableDone":false,"tableIndex":0,"percentComplete":0},{"isLast":false,"odColumnHeader":{"iterationCount":80,"loss":2.2942600250244141,"elapsedTime":0},"currentRowIndex":0,"count":80,"tableDone":false,"tableIndex":0,"percentComplete":0},{"isLast":false,"odColumnHeader":{"iterationCount":90,"loss":2.2827248573303223,"elapsedTime":0},"currentRowIndex":0,"count":90,"tableDone":false,"tableIndex":0,"percentComplete":0},{"isLast":false,"odColumnHeader":{"iterationCount":100,"loss":2.2127389907836914,"elapsedTime":0},"currentRowIndex":0,"count":100,"tableDone":false,"tableIndex":0,"percentComplete":0},{"isLast":false,"odColumnHeader":{"iterationCount":110,"loss":2.1409952640533447,"elapsedTime":0},"currentRowIndex":0,"count":110,"tableDone":false,"tableIndex":0,"percentComplete":0},{"isLast":false,"odColumnHeader":{"iterationCount":120,"loss":2.1314845085144043,"elapsedTime":0},"currentRowIndex":0,"count":120,"tableDone":false,"tableIndex":0,"percentComplete":0},{"isLast":false,"odColumnHeader":{"iterationCount":130,"loss":2.0863146781921387,"elapsedTime":0},"currentRowIndex":0,"count":130,"tableDone":false,"tableIndex":0,"percentComplete":0},{"isLast":false,"odColumnHeader":{"iterationCount":140,"loss":2.064544677734375,"elapsedTime":0},"currentRowIndex":0,"count":140,"tableDone":false,"tableIndex":0,"percentComplete":0},{"isLast":false,"odColumnHeader":{"iterationCount":150,"loss":2.0526056289672852,"elapsedTime":0},"currentRowIndex":0,"count":150,"tableDone":false,"tableIndex":0,"percentComplete":0},{"isLast":false,"odColumnHeader":{"iterationCount":160,"loss":2.04752516746521,"elapsedTime":0},"currentRowIndex":0,"count":160,"tableDone":false,"tableIndex":0,"percentComplete":0},{"isLast":false,"odColumnHeader":{"iterationCount":170,"loss":2.0544042587280273,"elapsedTime":0},"currentRowIndex":0,"count":170,"tableDone":false,"tableIndex":0,"percentComplete":0},{"isLast":false,"odColumnHeader":{"iterationCount":180,"loss":2.1035680770874023,"elapsedTime":0},"currentRowIndex":0,"count":180,"tableDone":false,"tableIndex":0,"percentComplete":0},{"isLast":false,"odColumnHeader":{"iterationCount":190,"loss":2.0430340766906738,"elapsedTime":0},"currentRowIndex":0,"count":190,"tableDone":false,"tableIndex":0,"percentComplete":0},{"isLast":false,"odColumnHeader":{"iterationCount":200,"loss":1.9794487953186035,"elapsedTime":0},"currentRowIndex":0,"count":200,"tableDone":false,"tableIndex":0,"percentComplete":0},{"isLast":false,"odColumnHeader":{"iterationCount":210,"loss":1.9902580976486206,"elapsedTime":0},"currentRowIndex":0,"count":210,"tableDone":false,"tableIndex":0,"percentComplete":0},{"isLast":false,"odColumnHeader":{"iterationCount":220,"loss":1.9989032745361328,"elapsedTime":0},"currentRowIndex":0,"count":220,"tableDone":false,"tableIndex":0,"percentComplete":0},{"isLast":false,"odColumnHeader":{"iterationCount":230,"loss":2.0474715232849121,"elapsedTime":0},"currentRowIndex":0,"count":230,"tableDone":false,"tableIndex":0,"percentComplete":0},{"isLast":false,"odColumnHeader":{"iterationCount":240,"loss":2.0237565040588379,"elapsedTime":0},"currentRowIndex":0,"count":240,"tableDone":false,"tableIndex":0,"percentComplete":0},{"isLast":false,"odColumnHeader":{"iterationCount":250,"loss":1.9530290365219116,"elapsedTime":0},"currentRowIndex":0,"count":250,"tableDone":false,"tableIndex":0,"percentComplete":0},{"isLast":false,"odColumnHeader":{"iterationCount":260,"loss":1.9900007247924805,"elapsedTime":0},"currentRowIndex":0,"count":260,"tableDone":false,"tableIndex":0,"percentComplete":0},{"isLast":false,"odColumnHeader":{"iterationCount":270,"loss":2.0057022571563721,"elapsedTime":0},"currentRowIndex":0,"count":270,"tableDone":false,"tableIndex":0,"percentComplete":0},{"isLast":false,"odColumnHeader":{"iterationCount":280,"loss":1.9974615573883057,"elapsedTime":0},"currentRowIndex":0,"count":280,"tableDone":false,"tableIndex":0,"percentComplete":0},{"isLast":false,"odColumnHeader":{"iterationCount":290,"loss":1.9662319421768188,"elapsedTime":0},"currentRowIndex":0,"count":290,"tableDone":false,"tableIndex":0,"percentComplete":0},{"isLast":false,"odColumnHeader":{"iterationCount":300,"loss":1.9585026502609253,"elapsedTime":0},"currentRowIndex":0,"count":300,"tableDone":false,"tableIndex":0,"percentComplete":0},{"isLast":false,"odColumnHeader":{"iterationCount":310,"loss":1.9431428909301758,"elapsedTime":0},"currentRowIndex":0,"count":310,"tableDone":false,"tableIndex":0,"percentComplete":0},{"isLast":false,"odColumnHeader":{"iterationCount":320,"loss":1.9161031246185303,"elapsedTime":0},"currentRowIndex":0,"count":320,"tableDone":false,"tableIndex":0,"percentComplete":0},{"isLast":false,"odColumnHeader":{"iterationCount":330,"loss":1.8837780952453613,"elapsedTime":0},"currentRowIndex":0,"count":330,"tableDone":false,"tableIndex":0,"percentComplete":0},{"isLast":false,"odColumnHeader":{"iterationCount":340,"loss":1.9312705993652344,"elapsedTime":0},"currentRowIndex":0,"count":340,"tableDone":false,"tableIndex":0,"percentComplete":0},{"isLast":false,"odColumnHeader":{"iterationCount":350,"loss":1.8752118349075317,"elapsedTime":0},"currentRowIndex":0,"count":350,"tableDone":false,"tableIndex":0,"percentComplete":0},{"isLast":false,"odColumnHeader":{"iterationCount":360,"loss":1.8844649791717529,"elapsedTime":0},"currentRowIndex":0,"count":360,"tableDone":false,"tableIndex":0,"percentComplete":0},{"isLast":false,"odColumnHeader":{"iterationCount":370,"loss":1.9186677932739258,"elapsedTime":0},"currentRowIndex":0,"count":370,"tableDone":false,"tableIndex":0,"percentComplete":0},{"isLast":false,"odColumnHeader":{"iterationCount":380,"loss":1.8875494003295898,"elapsedTime":0},"currentRowIndex":0,"count":380,"tableDone":false,"tableIndex":0,"percentComplete":0},{"isLast":false,"odColumnHeader":{"iterationCount":390,"loss":1.9512519836425781,"elapsedTime":0},"currentRowIndex":0,"count":390,"tableDone":false,"tableIndex":0,"percentComplete":0},{"isLast":false,"odColumnHeader":{"iterationCount":400,"loss":1.8720107078552246,"elapsedTime":0},"currentRowIndex":0,"count":400,"tableDone":false,"tableIndex":0,"percentComplete":0},{"isLast":false,"odColumnHeader":{"iterationCount":410,"loss":1.9358589649200439,"elapsedTime":0},"currentRowIndex":0,"count":410,"tableDone":false,"tableIndex":0,"percentComplete":0},{"isLast":false,"odColumnHeader":{"iterationCount":420,"loss":1.9254492521286011,"elapsedTime":0},"currentRowIndex":0,"count":420,"tableDone":false,"tableIndex":0,"percentComplete":0},{"isLast":false,"odColumnHeader":{"iterationCount":430,"loss":1.8954463005065918,"elapsedTime":0},"currentRowIndex":0,"count":430,"tableDone":false,"tableIndex":0,"percentComplete":0},{"isLast":false,"odColumnHeader":{"iterationCount":440,"loss":1.8342900276184082,"elapsedTime":0},"currentRowIndex":0,"count":440,"tableDone":false,"tableIndex":0,"percentComplete":0},{"isLast":false,"odColumnHeader":{"iterationCount":450,"loss":1.9640331268310547,"elapsedTime":0},"currentRowIndex":0,"count":450,"tableDone":false,"tableIndex":0,"percentComplete":0},{"isLast":false,"odColumnHeader":{"iterationCount":460,"loss":1.9087555408477783,"elapsedTime":0},"currentRowIndex":0,"count":460,"tableDone":false,"tableIndex":0,"percentComplete":0},{"isLast":false,"odColumnHeader":{"iterationCount":470,"loss":1.8436962366104126,"elapsedTime":0},"currentRowIndex":0,"count":470,"tableDone":false,"tableIndex":0,"percentComplete":0},{"isLast":false,"odColumnHeader":{"iterationCount":480,"loss":1.9128918647766113,"elapsedTime":0},"currentRowIndex":0,"count":480,"tableDone":false,"tableIndex":0,"percentComplete":0},{"isLast":false,"odColumnHeader":{"iterationCount":490,"loss":1.8632073402404785,"elapsedTime":0},"currentRowIndex":0,"count":490,"tableDone":false,"tableIndex":0,"percentComplete":0},{"isLast":false,"odColumnHeader":{"iterationCount":500,"loss":1.9353692531585693,"elapsedTime":0},"currentRowIndex":0,"count":500,"tableDone":false,"tableIndex":0,"percentComplete":0},{"isLast":false,"odColumnHeader":{"iterationCount":510,"loss":1.8857666254043579,"elapsedTime":0},"currentRowIndex":0,"count":510,"tableDone":false,"tableIndex":0,"percentComplete":0},{"isLast":false,"odColumnHeader":{"iterationCount":520,"loss":1.8641598224639893,"elapsedTime":0},"currentRowIndex":0,"count":520,"tableDone":false,"tableIndex":0,"percentComplete":0},{"isLast":false,"odColumnHeader":{"iterationCount":530,"loss":1.8562037944793701,"elapsedTime":0},"currentRowIndex":0,"count":530,"tableDone":false,"tableIndex":0,"percentComplete":0},{"isLast":false,"odColumnHeader":{"iterationCount":540,"loss":1.8885537385940552,"elapsedTime":0},"currentRowIndex":0,"count":540,"tableDone":false,"tableIndex":0,"percentComplete":0},{"isLast":false,"odColumnHeader":{"iterationCount":550,"loss":1.9158315658569336,"elapsedTime":0},"currentRowIndex":0,"count":550,"tableDone":false,"tableIndex":0,"percentComplete":0},{"isLast":false,"odColumnHeader":{"iterationCount":560,"loss":1.8905842304229736,"elapsedTime":0},"currentRowIndex":0,"count":560,"tableDone":false,"tableIndex":0,"percentComplete":0},{"isLast":false,"odColumnHeader":{"iterationCount":570,"loss":1.9234000444412231,"elapsedTime":0},"currentRowIndex":0,"count":570,"tableDone":false,"tableIndex":0,"percentComplete":0},{"isLast":false,"odColumnHeader":{"iterationCount":580,"loss":1.8996226787567139,"elapsedTime":0},"currentRowIndex":0,"count":580,"tableDone":false,"tableIndex":0,"percentComplete":0},{"isLast":false,"odColumnHeader":{"iterationCount":590,"loss":1.8988474607467651,"elapsedTime":0},"currentRowIndex":0,"count":590,"tableDone":false,"tableIndex":0,"percentComplete":0},{"isLast":false,"odColumnHeader":{"iterationCount":600,"loss":1.8306424617767334,"elapsedTime":0},"currentRowIndex":0,"count":600,"tableDone":false,"tableIndex":0,"percentComplete":0},{"isLast":false,"odColumnHeader":{"iterationCount":610,"loss":1.8630865812301636,"elapsedTime":0},"currentRowIndex":0,"count":610,"tableDone":false,"tableIndex":0,"percentComplete":0},{"isLast":false,"odColumnHeader":{"iterationCount":620,"loss":1.9019931554794312,"elapsedTime":0},"currentRowIndex":0,"count":620,"tableDone":false,"tableIndex":0,"percentComplete":0},{"isLast":false,"odColumnHeader":{"iterationCount":630,"loss":1.9449714422225952,"elapsedTime":0},"currentRowIndex":0,"count":630,"tableDone":false,"tableIndex":0,"percentComplete":0},{"isLast":false,"odColumnHeader":{"iterationCount":640,"loss":1.9162447452545166,"elapsedTime":0},"currentRowIndex":0,"count":640,"tableDone":false,"tableIndex":0,"percentComplete":0},{"isLast":false,"odColumnHeader":{"iterationCount":650,"loss":1.8770021200180054,"elapsedTime":0},"currentRowIndex":0,"count":650,"tableDone":false,"tableIndex":0,"percentComplete":0},{"isLast":false,"odColumnHeader":{"iterationCount":660,"loss":1.8895480632781982,"elapsedTime":0},"currentRowIndex":0,"count":660,"tableDone":false,"tableIndex":0,"percentComplete":0},{"isLast":false,"odColumnHeader":{"iterationCount":670,"loss":1.8096609115600586,"elapsedTime":0},"currentRowIndex":0,"count":670,"tableDone":false,"tableIndex":0,"percentComplete":0},{"isLast":false,"odColumnHeader":{"iterationCount":680,"loss":1.8264306783676147,"elapsedTime":0},"currentRowIndex":0,"count":680,"tableDone":false,"tableIndex":0,"percentComplete":0},{"isLast":false,"odColumnHeader":{"iterationCount":690,"loss":1.9029395580291748,"elapsedTime":0},"currentRowIndex":0,"count":690,"tableDone":false,"tableIndex":0,"percentComplete":0},{"isLast":false,"odColumnHeader":{"iterationCount":700,"loss":1.8829890489578247,"elapsedTime":0},"currentRowIndex":0,"count":700,"tableDone":false,"tableIndex":0,"percentComplete":0},{"isLast":false,"odColumnHeader":{"iterationCount":710,"loss":1.8333951234817505,"elapsedTime":0},"currentRowIndex":0,"count":710,"tableDone":false,"tableIndex":0,"percentComplete":0},{"isLast":false,"odColumnHeader":{"iterationCount":720,"loss":1.8427749872207642,"elapsedTime":0},"currentRowIndex":0,"count":720,"tableDone":false,"tableIndex":0,"percentComplete":0},{"isLast":false,"odColumnHeader":{"iterationCount":730,"loss":1.8567503690719604,"elapsedTime":0},"currentRowIndex":0,"count":730,"tableDone":false,"tableIndex":0,"percentComplete":0},{"isLast":false,"odColumnHeader":{"iterationCount":740,"loss":1.9487125873565674,"elapsedTime":0},"currentRowIndex":0,"count":740,"tableDone":false,"tableIndex":0,"percentComplete":0},{"isLast":false,"odColumnHeader":{"iterationCount":750,"loss":1.8725152015686035,"elapsedTime":0},"currentRowIndex":0,"count":750,"tableDone":false,"tableIndex":0,"percentComplete":0},{"isLast":false,"odColumnHeader":{"iterationCount":760,"loss":1.8671038150787354,"elapsedTime":0},"currentRowIndex":0,"count":760,"tableDone":false,"tableIndex":0,"percentComplete":0},{"isLast":false,"odColumnHeader":{"iterationCount":770,"loss":1.854684591293335,"elapsedTime":0},"currentRowIndex":0,"count":770,"tableDone":false,"tableIndex":0,"percentComplete":0},{"isLast":false,"odColumnHeader":{"iterationCount":780,"loss":1.8587294816970825,"elapsedTime":0},"currentRowIndex":0,"count":780,"tableDone":false,"tableIndex":0,"percentComplete":0},{"isLast":false,"odColumnHeader":{"iterationCount":790,"loss":1.8732151985168457,"elapsedTime":0},"currentRowIndex":0,"count":790,"tableDone":false,"tableIndex":0,"percentComplete":0},{"isLast":false,"odColumnHeader":{"iterationCount":800,"loss":1.9092442989349365,"elapsedTime":0},"currentRowIndex":0,"count":800,"tableDone":false,"tableIndex":0,"percentComplete":0},{"isLast":false,"odColumnHeader":{"iterationCount":810,"loss":1.9196281433105469,"elapsedTime":0},"currentRowIndex":0,"count":810,"tableDone":false,"tableIndex":0,"percentComplete":0},{"isLast":false,"odColumnHeader":{"iterationCount":820,"loss":1.8992507457733154,"elapsedTime":0},"currentRowIndex":0,"count":820,"tableDone":false,"tableIndex":0,"percentComplete":0},{"isLast":false,"odColumnHeader":{"iterationCount":830,"loss":1.8419777154922485,"elapsedTime":0},"currentRowIndex":0,"count":830,"tableDone":false,"tableIndex":0,"percentComplete":0},{"isLast":false,"odColumnHeader":{"iterationCount":840,"loss":1.8796989917755127,"elapsedTime":0},"currentRowIndex":0,"count":840,"tableDone":false,"tableIndex":0,"percentComplete":0},{"isLast":false,"odColumnHeader":{"iterationCount":850,"loss":1.8224359750747681,"elapsedTime":0},"currentRowIndex":0,"count":850,"tableDone":false,"tableIndex":0,"percentComplete":0},{"isLast":false,"odColumnHeader":{"iterationCount":860,"loss":1.8150327205657959,"elapsedTime":0},"currentRowIndex":0,"count":860,"tableDone":false,"tableIndex":0,"percentComplete":0},{"isLast":false,"odColumnHeader":{"iterationCount":870,"loss":1.8786935806274414,"elapsedTime":0},"currentRowIndex":0,"count":870,"tableDone":false,"tableIndex":0,"percentComplete":0},{"isLast":false,"odColumnHeader":{"iterationCount":880,"loss":1.867539644241333,"elapsedTime":0},"currentRowIndex":0,"count":880,"tableDone":false,"tableIndex":0,"percentComplete":0},{"isLast":false,"odColumnHeader":{"iterationCount":890,"loss":1.8371635675430298,"elapsedTime":0},"currentRowIndex":0,"count":890,"tableDone":false,"tableIndex":0,"percentComplete":0},{"isLast":false,"odColumnHeader":{"iterationCount":900,"loss":1.8690495491027832,"elapsedTime":0},"currentRowIndex":0,"count":900,"tableDone":false,"tableIndex":0,"percentComplete":0},{"isLast":false,"odColumnHeader":{"iterationCount":910,"loss":1.8220553398132324,"elapsedTime":0},"currentRowIndex":0,"count":910,"tableDone":false,"tableIndex":0,"percentComplete":0},{"isLast":false,"odColumnHeader":{"iterationCount":920,"loss":1.7704086303710938,"elapsedTime":0},"currentRowIndex":0,"count":920,"tableDone":false,"tableIndex":0,"percentComplete":0},{"isLast":false,"odColumnHeader":{"iterationCount":930,"loss":1.8026326894760132,"elapsedTime":0},"currentRowIndex":0,"count":930,"tableDone":false,"tableIndex":0,"percentComplete":0},{"isLast":false,"odColumnHeader":{"iterationCount":940,"loss":1.8555587530136108,"elapsedTime":0},"currentRowIndex":0,"count":940,"tableDone":false,"tableIndex":0,"percentComplete":0},{"isLast":false,"odColumnHeader":{"iterationCount":950,"loss":1.8607496023178101,"elapsedTime":0},"currentRowIndex":0,"count":950,"tableDone":false,"tableIndex":0,"percentComplete":0},{"isLast":false,"odColumnHeader":{"iterationCount":960,"loss":1.7601550817489624,"elapsedTime":0},"currentRowIndex":0,"count":960,"tableDone":false,"tableIndex":0,"percentComplete":0},{"isLast":false,"odColumnHeader":{"iterationCount":970,"loss":1.7788572311401367,"elapsedTime":0},"currentRowIndex":0,"count":970,"tableDone":false,"tableIndex":0,"percentComplete":0},{"isLast":false,"odColumnHeader":{"iterationCount":980,"loss":1.8160696029663086,"elapsedTime":0},"currentRowIndex":0,"count":980,"tableDone":false,"tableIndex":0,"percentComplete":0},{"isLast":false,"odColumnHeader":{"iterationCount":990,"loss":1.8156274557113647,"elapsedTime":0},"currentRowIndex":0,"count":990,"tableDone":false,"tableIndex":0,"percentComplete":0},{"isLast":false,"odColumnHeader":{"iterationCount":1000,"loss":1.7890956401824951,"elapsedTime":0},"currentRowIndex":0,"count":1000,"tableDone":false,"tableIndex":0,"percentComplete":0},{"isLast":false,"odColumnHeader":{"iterationCount":1010,"loss":1.8919035196304321,"elapsedTime":0},"currentRowIndex":0,"count":1010,"tableDone":false,"tableIndex":0,"percentComplete":0},{"isLast":false,"odColumnHeader":{"iterationCount":1020,"loss":1.8298794031143188,"elapsedTime":0},"currentRowIndex":0,"count":1020,"tableDone":false,"tableIndex":0,"percentComplete":0},{"isLast":false,"odColumnHeader":{"iterationCount":1030,"loss":1.8367370367050171,"elapsedTime":0},"currentRowIndex":0,"count":1030,"tableDone":false,"tableIndex":0,"percentComplete":0},{"isLast":false,"odColumnHeader":{"iterationCount":1040,"loss":1.8757404088973999,"elapsedTime":0},"currentRowIndex":0,"count":1040,"tableDone":false,"tableIndex":0,"percentComplete":0},{"isLast":false,"odColumnHeader":{"iterationCount":1050,"loss":1.7903763055801392,"elapsedTime":0},"currentRowIndex":0,"count":1050,"tableDone":false,"tableIndex":0,"percentComplete":0},{"isLast":false,"odColumnHeader":{"iterationCount":1060,"loss":1.8605033159255981,"elapsedTime":0},"currentRowIndex":0,"count":1060,"tableDone":false,"tableIndex":0,"percentComplete":0},{"isLast":false,"odColumnHeader":{"iterationCount":1070,"loss":1.8583036661148071,"elapsedTime":0},"currentRowIndex":0,"count":1070,"tableDone":false,"tableIndex":0,"percentComplete":0},{"isLast":false,"odColumnHeader":{"iterationCount":1080,"loss":1.9025245904922485,"elapsedTime":0},"currentRowIndex":0,"count":1080,"tableDone":false,"tableIndex":0,"percentComplete":0},{"isLast":false,"odColumnHeader":{"iterationCount":1090,"loss":1.9373229742050171,"elapsedTime":0},"currentRowIndex":0,"count":1090,"tableDone":false,"tableIndex":0,"percentComplete":0},{"isLast":false,"odColumnHeader":{"iterationCount":1100,"loss":1.8443717956542969,"elapsedTime":0},"currentRowIndex":0,"count":1100,"tableDone":false,"tableIndex":0,"percentComplete":0},{"isLast":false,"odColumnHeader":{"iterationCount":1110,"loss":1.866215705871582,"elapsedTime":0},"currentRowIndex":0,"count":1110,"tableDone":false,"tableIndex":0,"percentComplete":0},{"isLast":false,"odColumnHeader":{"iterationCount":1120,"loss":1.8789525032043457,"elapsedTime":0},"currentRowIndex":0,"count":1120,"tableDone":false,"tableIndex":0,"percentComplete":0},{"isLast":false,"odColumnHeader":{"iterationCount":1130,"loss":1.8617868423461914,"elapsedTime":830.46057800000005},"currentRowIndex":0,"count":1130,"tableDone":false,"tableIndex":0,"percentComplete":0}],"checkpointMetrics":{"430":{"metrics":{"loss":1.8954463005065918},"createdDate":"2023-03-13T20:25:50Z","iteration":430},"110":{"metrics":{"loss":2.1409952640533447},"createdDate":"2023-03-13T20:21:55Z","iteration":110},"1080":{"metrics":{"loss":1.9025245904922485},"createdDate":"2023-03-13T20:33:49Z","iteration":1080},"1000":{"metrics":{"loss":1.7890956401824951},"createdDate":"2023-03-13T20:32:49Z","iteration":1000},"510":{"metrics":{"loss":1.8857666254043579},"createdDate":"2023-03-13T20:26:49Z","iteration":510},"830":{"metrics":{"loss":1.8419777154922485},"createdDate":"2023-03-13T20:30:44Z","iteration":830},"280":{"metrics":{"loss":1.9974615573883057},"createdDate":"2023-03-13T20:23:59Z","iteration":280},"910":{"metrics":{"loss":1.8220553398132324},"createdDate":"2023-03-13T20:31:42Z","iteration":910},"680":{"metrics":{"loss":1.8264306783676147},"createdDate":"2023-03-13T20:28:54Z","iteration":680},"360":{"metrics":{"loss":1.8844649791717529},"createdDate":"2023-03-13T20:24:58Z","iteration":360},"80":{"metrics":{"loss":2.2942600250244141},"createdDate":"2023-03-13T20:21:33Z","iteration":80},"760":{"metrics":{"loss":1.8671038150787354},"createdDate":"2023-03-13T20:29:53Z","iteration":760},"440":{"metrics":{"loss":1.8342900276184082},"createdDate":"2023-03-13T20:25:57Z","iteration":440},"120":{"metrics":{"loss":2.1314845085144043},"createdDate":"2023-03-13T20:22:02Z","iteration":120},"840":{"metrics":{"loss":1.8796989917755127},"createdDate":"2023-03-13T20:30:52Z","iteration":840},"290":{"metrics":{"loss":1.9662319421768188},"createdDate":"2023-03-13T20:24:07Z","iteration":290},"520":{"metrics":{"loss":1.8641598224639893},"createdDate":"2023-03-13T20:26:56Z","iteration":520},"200":{"metrics":{"loss":1.9794487953186035},"createdDate":"2023-03-13T20:23:00Z","iteration":200},"40":{"metrics":{"loss":2.6002342700958252},"createdDate":"2023-03-13T20:21:04Z","iteration":40},"1070":{"metrics":{"loss":1.8583036661148071},"createdDate":"2023-03-13T20:33:41Z","iteration":1070},"920":{"metrics":{"loss":1.7704086303710938},"createdDate":"2023-03-13T20:31:49Z","iteration":920},"690":{"metrics":{"loss":1.9029395580291748},"createdDate":"2023-03-13T20:29:02Z","iteration":690},"370":{"metrics":{"loss":1.9186677932739258},"createdDate":"2023-03-13T20:25:05Z","iteration":370},"600":{"metrics":{"loss":1.8306424617767334},"createdDate":"2023-03-13T20:27:55Z","iteration":600},"770":{"metrics":{"loss":1.854684591293335},"createdDate":"2023-03-13T20:30:00Z","iteration":770},"450":{"metrics":{"loss":1.9640331268310547},"createdDate":"2023-03-13T20:26:04Z","iteration":450},"130":{"metrics":{"loss":2.0863146781921387},"createdDate":"2023-03-13T20:22:09Z","iteration":130},"850":{"metrics":{"loss":1.8224359750747681},"createdDate":"2023-03-13T20:30:59Z","iteration":850},"530":{"metrics":{"loss":1.8562037944793701},"createdDate":"2023-03-13T20:27:04Z","iteration":530},"210":{"metrics":{"loss":1.9902580976486206},"createdDate":"2023-03-13T20:23:08Z","iteration":210},"1060":{"metrics":{"loss":1.8605033159255981},"createdDate":"2023-03-13T20:33:34Z","iteration":1060},"930":{"metrics":{"loss":1.8026326894760132},"createdDate":"2023-03-13T20:31:57Z","iteration":930},"610":{"metrics":{"loss":1.8630865812301636},"createdDate":"2023-03-13T20:28:02Z","iteration":610},"380":{"metrics":{"loss":1.8875494003295898},"createdDate":"2023-03-13T20:25:13Z","iteration":380},"780":{"metrics":{"loss":1.8587294816970825},"createdDate":"2023-03-13T20:30:08Z","iteration":780},"460":{"metrics":{"loss":1.9087555408477783},"createdDate":"2023-03-13T20:26:12Z","iteration":460},"70":{"metrics":{"loss":2.2931134700775146},"createdDate":"2023-03-13T20:21:26Z","iteration":70},"140":{"metrics":{"loss":2.064544677734375},"createdDate":"2023-03-13T20:22:16Z","iteration":140},"860":{"metrics":{"loss":1.8150327205657959},"createdDate":"2023-03-13T20:31:06Z","iteration":860},"540":{"metrics":{"loss":1.8885537385940552},"createdDate":"2023-03-13T20:27:11Z","iteration":540},"220":{"metrics":{"loss":1.9989032745361328},"createdDate":"2023-03-13T20:23:15Z","iteration":220},"940":{"metrics":{"loss":1.8555587530136108},"createdDate":"2023-03-13T20:32:05Z","iteration":940},"620":{"metrics":{"loss":1.9019931554794312},"createdDate":"2023-03-13T20:28:10Z","iteration":620},"1050":{"metrics":{"loss":1.7903763055801392},"createdDate":"2023-03-13T20:33:26Z","iteration":1050},"300":{"metrics":{"loss":1.9585026502609253},"createdDate":"2023-03-13T20:24:14Z","iteration":300},"390":{"metrics":{"loss":1.9512519836425781},"createdDate":"2023-03-13T20:25:20Z","iteration":390},"790":{"metrics":{"loss":1.8732151985168457},"createdDate":"2023-03-13T20:30:15Z","iteration":790},"30":{"metrics":{"loss":2.9279623031616211},"createdDate":"2023-03-13T20:20:57Z","iteration":30},"470":{"metrics":{"loss":1.8436962366104126},"createdDate":"2023-03-13T20:26:19Z","iteration":470},"700":{"metrics":{"loss":1.8829890489578247},"createdDate":"2023-03-13T20:29:09Z","iteration":700},"150":{"metrics":{"loss":2.0526056289672852},"createdDate":"2023-03-13T20:22:23Z","iteration":150},"870":{"metrics":{"loss":1.8786935806274414},"createdDate":"2023-03-13T20:31:13Z","iteration":870},"550":{"metrics":{"loss":1.9158315658569336},"createdDate":"2023-03-13T20:27:18Z","iteration":550},"1120":{"metrics":{"loss":1.8789525032043457},"createdDate":"2023-03-13T20:34:20Z","iteration":1120},"230":{"metrics":{"loss":2.0474715232849121},"createdDate":"2023-03-13T20:23:22Z","iteration":230},"950":{"metrics":{"loss":1.8607496023178101},"createdDate":"2023-03-13T20:32:12Z","iteration":950},"630":{"metrics":{"loss":1.9449714422225952},"createdDate":"2023-03-13T20:28:17Z","iteration":630},"310":{"metrics":{"loss":1.9431428909301758},"createdDate":"2023-03-13T20:24:22Z","iteration":310},"1040":{"metrics":{"loss":1.8757404088973999},"createdDate":"2023-03-13T20:33:20Z","iteration":1040},"710":{"metrics":{"loss":1.8333951234817505},"createdDate":"2023-03-13T20:29:17Z","iteration":710},"480":{"metrics":{"loss":1.9128918647766113},"createdDate":"2023-03-13T20:26:27Z","iteration":480},"160":{"metrics":{"loss":2.04752516746521},"createdDate":"2023-03-13T20:22:31Z","iteration":160},"880":{"metrics":{"loss":1.867539644241333},"createdDate":"2023-03-13T20:31:21Z","iteration":880},"560":{"metrics":{"loss":1.8905842304229736},"createdDate":"2023-03-13T20:27:26Z","iteration":560},"240":{"metrics":{"loss":2.0237565040588379},"createdDate":"2023-03-13T20:23:30Z","iteration":240},"60":{"metrics":{"loss":2.3509209156036377},"createdDate":"2023-03-13T20:21:19Z","iteration":60},"960":{"metrics":{"loss":1.7601550817489624},"createdDate":"2023-03-13T20:32:20Z","iteration":960},"640":{"metrics":{"loss":1.9162447452545166},"createdDate":"2023-03-13T20:28:25Z","iteration":640},"1110":{"metrics":{"loss":1.866215705871582},"createdDate":"2023-03-13T20:34:12Z","iteration":1110},"320":{"metrics":{"loss":1.9161031246185303},"createdDate":"2023-03-13T20:24:29Z","iteration":320},"1030":{"metrics":{"loss":1.8367370367050171},"createdDate":"2023-03-13T20:33:12Z","iteration":1030},"720":{"metrics":{"loss":1.8427749872207642},"createdDate":"2023-03-13T20:29:24Z","iteration":720},"490":{"metrics":{"loss":1.8632073402404785},"createdDate":"2023-03-13T20:26:34Z","iteration":490},"170":{"metrics":{"loss":2.0544042587280273},"createdDate":"2023-03-13T20:22:38Z","iteration":170},"400":{"metrics":{"loss":1.8720107078552246},"createdDate":"2023-03-13T20:25:27Z","iteration":400},"890":{"metrics":{"loss":1.8371635675430298},"createdDate":"2023-03-13T20:31:28Z","iteration":890},"800":{"metrics":{"loss":1.9092442989349365},"createdDate":"2023-03-13T20:30:23Z","iteration":800},"570":{"metrics":{"loss":1.9234000444412231},"createdDate":"2023-03-13T20:27:33Z","iteration":570},"250":{"metrics":{"loss":1.9530290365219116},"createdDate":"2023-03-13T20:23:37Z","iteration":250},"20":{"metrics":{"loss":3.3220267295837402},"createdDate":"2023-03-13T20:20:50Z","iteration":20},"970":{"metrics":{"loss":1.7788572311401367},"createdDate":"2023-03-13T20:32:27Z","iteration":970},"650":{"metrics":{"loss":1.8770021200180054},"createdDate":"2023-03-13T20:28:32Z","iteration":650},"1100":{"metrics":{"loss":1.8443717956542969},"createdDate":"2023-03-13T20:34:04Z","iteration":1100},"330":{"metrics":{"loss":1.8837780952453613},"createdDate":"2023-03-13T20:24:36Z","iteration":330},"730":{"metrics":{"loss":1.8567503690719604},"createdDate":"2023-03-13T20:29:32Z","iteration":730},"1020":{"metrics":{"loss":1.8298794031143188},"createdDate":"2023-03-13T20:33:05Z","iteration":1020},"180":{"metrics":{"loss":2.1035680770874023},"createdDate":"2023-03-13T20:22:45Z","iteration":180},"410":{"metrics":{"loss":1.9358589649200439},"createdDate":"2023-03-13T20:25:35Z","iteration":410},"90":{"metrics":{"loss":2.2827248573303223},"createdDate":"2023-03-13T20:21:40Z","iteration":90},"580":{"metrics":{"loss":1.8996226787567139},"createdDate":"2023-03-13T20:27:40Z","iteration":580},"810":{"metrics":{"loss":1.9196281433105469},"createdDate":"2023-03-13T20:30:30Z","iteration":810},"260":{"metrics":{"loss":1.9900007247924805},"createdDate":"2023-03-13T20:23:45Z","iteration":260},"980":{"metrics":{"loss":1.8160696029663086},"createdDate":"2023-03-13T20:32:34Z","iteration":980},"660":{"metrics":{"loss":1.8895480632781982},"createdDate":"2023-03-13T20:28:40Z","iteration":660},"340":{"metrics":{"loss":1.9312705993652344},"createdDate":"2023-03-13T20:24:43Z","iteration":340},"740":{"metrics":{"loss":1.9487125873565674},"createdDate":"2023-03-13T20:29:39Z","iteration":740},"50":{"metrics":{"loss":2.4121963977813721},"createdDate":"2023-03-13T20:21:12Z","iteration":50},"190":{"metrics":{"loss":2.0430340766906738},"createdDate":"2023-03-13T20:22:53Z","iteration":190},"420":{"metrics":{"loss":1.9254492521286011},"createdDate":"2023-03-13T20:25:42Z","iteration":420},"1090":{"metrics":{"loss":1.9373229742050171},"createdDate":"2023-03-13T20:33:56Z","iteration":1090},"100":{"metrics":{"loss":2.2127389907836914},"createdDate":"2023-03-13T20:21:48Z","iteration":100},"1010":{"metrics":{"loss":1.8919035196304321},"createdDate":"2023-03-13T20:32:57Z","iteration":1010},"590":{"metrics":{"loss":1.8988474607467651},"createdDate":"2023-03-13T20:27:48Z","iteration":590},"820":{"metrics":{"loss":1.8992507457733154},"createdDate":"2023-03-13T20:30:37Z","iteration":820},"500":{"metrics":{"loss":1.9353692531585693},"createdDate":"2023-03-13T20:26:42Z","iteration":500},"270":{"metrics":{"loss":2.0057022571563721},"createdDate":"2023-03-13T20:23:52Z","iteration":270},"990":{"metrics":{"loss":1.8156274557113647},"createdDate":"2023-03-13T20:32:42Z","iteration":990},"900":{"metrics":{"loss":1.8690495491027832},"createdDate":"2023-03-13T20:31:35Z","iteration":900},"670":{"metrics":{"loss":1.8096609115600586},"createdDate":"2023-03-13T20:28:47Z","iteration":670},"350":{"metrics":{"loss":1.8752118349075317},"createdDate":"2023-03-13T20:24:51Z","iteration":350},"10":{"metrics":{"loss":3.8931999206542969},"createdDate":"2023-03-13T20:20:43Z","iteration":10},"750":{"metrics":{"loss":1.8725152015686035},"createdDate":"2023-03-13T20:29:46Z","iteration":750}},"analysedDataType":"datasource","resumableCheckpoint":{"checkpointURL":"file:\/\/\/Users\/alexandrecogordan\/Library\/Caches\/com.apple.dt.createml\/projects\/4923B6C6-A1E7-47EA-BDA9-336CE990CD5Ccf02e165914f846254df2467f827c70cb2b86706\/sessions\/checkpoint.sessions\/2708081D-C107-4B9A-A164-7ECAEBE3BF48\/training-000001120.checkpoint","createdDate":"2023-03-13T20:34:20Z","iteration":1120},"snapshottableCheckpoints":{"1120":{"modelURL":"file:\/\/\/Users\/alexandrecogordan\/Library\/Caches\/com.apple.dt.createml\/projects\/4923B6C6-A1E7-47EA-BDA9-336CE990CD5Ccf02e165914f846254df2467f827c70cb2b86706\/sessions\/checkpoint.sessions\/2708081D-C107-4B9A-A164-7ECAEBE3BF48\/training-000001120.checkpoint.model\/checkpointModel.mlmodel","createdDate":"2023-03-13T20:34:20Z","iteration":1120}},"dataSourceID":"B1E06F29-ECCA-45F7-A200-22DF52441BB8","snapshottableCheckpointModelURL":"file:\/\/\/Users\/alexandrecogordan\/Library\/Caches\/com.apple.dt.createml\/projects\/4923B6C6-A1E7-47EA-BDA9-336CE990CD5Ccf02e165914f846254df2467f827c70cb2b86706\/sessions\/checkpoint.sessions\/2708081D-C107-4B9A-A164-7ECAEBE3BF48\/training-000001120.checkpoint.model\/checkpointModel.mlmodel","startTime":"2023-03-13T20:20:30Z"},"createdDate":"2023-03-13T18:08:09Z","evaluationContainerEntity":{"testingEvaluationEntity":{"id":"ea0e7143-3a38-4992-afd5-381e9fa4f11b","createdDate":"2023-03-13T18:08:09Z","dataURL":"file:\/\/\/Volumes\/SSD\/ESILV\/A4\/S2\/PTS\/models\/United_yolov8_test\/test\/","dataSourceID":"BE4B04B1-85D2-433C-B3FD-7126C0A94702","dataResult":{"itemsCount":108,"createdDate":"2023-03-13T18:08:09Z","dataURL":"file:\/\/\/Volumes\/SSD\/ESILV\/A4\/S2\/PTS\/models\/United_yolov8_test\/test\/","dataSourceID":"BE4B04B1-85D2-433C-B3FD-7126C0A94702","classesCount":1,"dataAnalysis":{"summary":{"counterExamples":0,"classCount":1,"canUseValidation":1,"sampleCount":108,"suggestedMaxIterations":5000},"issues":[{"description":"1 classes found, including food","severity":"debug"},{"description":"217 annotations found, automatically creating validation set","severity":"good"},{"description":"Smallest class is \"food\" with 217 images","severity":"debug"},{"description":"Largest class is \"food\" with 217 images","severity":"debug"}],"classifierAnalysis":{"labelStats":{"food":217}}}},"analysedDataType":"datasource"},"createdDate":"2023-03-24T14:27:34Z","id":"00f53e83-5ef1-4be6-abd0-618a35aad9b8","trainingEvaluationEntity":{"id":"8a7478fb-6ccc-4e35-8085-f05cfe88e372","createdDate":"2023-03-13T18:08:09Z","dataURL":"file:\/\/\/Volumes\/SSD\/ESILV\/A4\/S2\/PTS\/models\/United_yolov8_test\/train\/","dataSourceID":"B1E06F29-ECCA-45F7-A200-22DF52441BB8","dataResult":{"itemsCount":14926,"createdDate":"2023-03-13T18:08:09Z","dataURL":"file:\/\/\/Volumes\/SSD\/ESILV\/A4\/S2\/PTS\/models\/United_yolov8_test\/train\/","dataSourceID":"B1E06F29-ECCA-45F7-A200-22DF52441BB8","classesCount":1,"dataAnalysis":{"summary":{"sampleCount":14926,"counterExamples":0,"canUseValidation":1,"classCount":1,"suggestedMaxIterations":94000},"issues":[{"description":"1 classes found, including food","severity":"debug"},{"description":"89627 annotations found, automatically creating validation set","severity":"good"},{"description":"Smallest class is \"food\" with 89627 images","severity":"debug"},{"description":"Largest class is \"food\" with 89627 images","severity":"debug"}],"classifierAnalysis":{"labelStats":{"food":89627}}}},"analysedDataType":"none"},"previewType":"objectDetector","modifiedDate":"2023-03-24T14:27:34Z","validationEvaluationEntity":{"id":"54eeeaa6-d095-40e7-a4e7-10beb759828f","createdDate":"2023-03-13T18:08:09Z","dataURL":"file:\/\/\/Volumes\/SSD\/ESILV\/A4\/S2\/PTS\/models\/United_yolov8_test\/valid\/","dataSourceID":"935759F6-9F9C-4236-870A-5636B05E2001","dataResult":{"itemsCount":1055,"createdDate":"2023-03-13T18:08:09Z","dataURL":"file:\/\/\/Volumes\/SSD\/ESILV\/A4\/S2\/PTS\/models\/United_yolov8_test\/valid\/","dataSourceID":"935759F6-9F9C-4236-870A-5636B05E2001","classesCount":1,"dataAnalysis":{"summary":{"counterExamples":0,"classCount":1,"canUseValidation":1,"sampleCount":1055,"suggestedMaxIterations":16000},"issues":[{"description":"1 classes found, including food","severity":"debug"},{"description":"2470 annotations found, automatically creating validation set","severity":"good"},{"description":"Smallest class is \"food\" with 2470 images","severity":"debug"},{"description":"Largest class is \"food\" with 2470 images","severity":"debug"}],"classifierAnalysis":{"labelStats":{"food":2470}}}},"analysedDataType":"datasource"},"evaluationEntities":[]},"activityEntities":["trainingStarted",[{"id":"20DD8FCE-02DF-4370-912D-A3E2F13E2E7F","title":"Training Started","createdDate":"2023-03-13T20:20:30Z","event":"trainingStarted","subtitle":"80 000 iterations"}],"validationDataAdded",[{"id":"74281ADB-1CEC-4CAD-AC2E-882E01FF13C6","title":"Validation Data Added","createdDate":"2023-03-13T20:20:10Z","event":"validationDataAdded","subtitle":"valid"}],"experimentCreated",[{"id":"A541084D-E436-4D5B-9480-AAC9B763B3EC","title":"Model Source Created","createdDate":"2023-03-13T18:08:09Z","event":"experimentCreated","subtitle":"Spotifood 1"}],"trainingDataAdded",[{"id":"746E3152-9803-40FF-A86D-0EA0E4261709","title":"Training Data Added","createdDate":"2023-03-13T20:20:10Z","event":"trainingDataAdded","subtitle":"train"}]],"evaluationState":"uninitialized","title":"Spotifood 1","evaluationEntity":{"id":"3c23c811-a882-47d6-9fe9-97e50463cdf3","analysedDataType":"none","dataResult":{}},"snapshotRole":{"withoutSnapshots":0},"contentDataResult":{"createdDate":"2023-03-13T18:08:09Z"},"modifiedDate":"2023-03-24T14:27:34Z","preferredFilename":"Spotifood 1"}